isBuyOrder,currencyCode,amount,price,executedAt
0,KRW,10000.00,939.38,"2025-02-01 01:43:29"
1,JPY,10000.00,939.56,"2025-02-02 02:16:33"
1,USD,36.00,1458.10,"2025-02-02 16:13:53"
1,USD,68.00,1458.90,"2025-02-02 23:36:12"
0,KRW,908.00,1459.50,"2025-02-03 00:01:46"
0,KRW,875.00,1459.50,"2025-02-03 00:01:46"
0,KRW,272.00,1459.60,"2025-02-03 00:01:52"
1,JPY,31314.00,945.00,"2025-02-03 00:06:15"
1,USD,732.00,1467.70,"2025-02-03 00:08:35"
1,USD,1007.00,1466.20,"2025-02-03 00:08:41"
1,USD,316.00,1463.90,"2025-02-03 00:08:51"
1,JPY,13977.00,945.07,"2025-02-03 00:16:10"
1,JPY,31158.00,944.01,"2025-02-03 00:17:00"
0,KRW,805.00,1469.79,"2025-02-03 00:23:54"
1,JPY,22106.00,945.99,"2025-02-03 00:26:17"
1,JPY,1445.00,944.70,"2025-02-03 00:27:01"
1,USD,805.00,1470.40,"2025-02-03 00:30:08"
1,JPY,28334.00,945.58,"2025-02-03 00:31:00"
1,USD,918.00,1471.20,"2025-02-03 01:01:00"
1,USD,709.00,1471.10,"2025-02-03 01:06:10"
1,USD,855.00,1471.30,"2025-02-03 01:11:01"
1,USD,489.00,1471.10,"2025-02-03 01:16:09"
1,USD,352.00,1471.10,"2025-02-03 01:17:27"
1,USD,677.00,1471.00,"2025-02-03 01:27:53"
1,JPY,30000.00,943.42,"2025-02-03 01:54:18"
0,KRW,918.00,1470.30,"2025-02-03 02:05:37"
0,KRW,100.00,943.60,"2025-02-03 02:11:04"
1,USD,807.00,1469.90,"2025-02-03 02:28:09"
1,USD,111.00,1469.90,"2025-02-03 02:28:09"
1,JPY,18491.00,945.26,"2025-02-03 02:56:09"
1,JPY,13175.00,945.16,"2025-02-03 03:06:10"
1,JPY,14377.00,945.16,"2025-02-03 03:07:47"
1,USD,720.00,1470.10,"2025-02-03 03:11:04"
1,USD,976.00,1470.60,"2025-02-03 03:16:13"
1,JPY,5623.00,945.25,"2025-02-03 03:17:19"
1,JPY,7551.00,945.25,"2025-02-03 03:19:39"
1,USD,780.00,1470.50,"2025-02-03 03:21:56"
1,JPY,12449.00,945.16,"2025-02-03 03:22:38"
1,JPY,10000.00,944.28,"2025-02-03 03:35:32"
0,KRW,5872.00,1001.80,"2025-02-03 04:01:47"
1,USD,100.00,1468.30,"2025-02-03 04:15:17"
1,USD,844.00,1469.10,"2025-02-03 04:21:01"
0,KRW,10000.00,943.47,"2025-02-03 04:38:32"
1,JPY,18000.00,942.63,"2025-02-03 04:59:45"
1,JPY,667.00,942.63,"2025-02-03 05:00:37"
1,JPY,38851.00,942.32,"2025-02-03 05:01:29"
1,JPY,32054.00,942.92,"2025-02-03 05:01:56"
1,JPY,49455.00,942.10,"2025-02-03 05:02:59"
1,JPY,17645.00,942.04,"2025-02-03 05:04:08"
1,USD,734.00,1467.30,"2025-02-03 05:58:23"
1,USD,874.00,1467.30,"2025-02-03 05:58:23"
1,USD,959.00,1467.20,"2025-02-03 05:58:41"
1,USD,872.00,1466.90,"2025-02-03 05:59:08"
1,USD,561.00,1466.70,"2025-02-03 05:59:27"
0,KRW,20000.00,943.78,"2025-02-03 06:22:10"
1,JPY,20000.00,944.38,"2025-02-03 06:26:14"
0,KRW,979.00,1466.00,"2025-02-03 06:36:10"
0,KRW,904.00,1466.40,"2025-02-03 06:46:09"
0,KRW,746.00,1466.20,"2025-02-03 06:51:01"
0,KRW,896.00,1465.90,"2025-02-03 06:56:10"
1,USD,809.00,1465.40,"2025-02-03 07:00:14"
0,KRW,282.00,1466.20,"2025-02-03 07:01:01"
1,JPY,23452.00,942.82,"2025-02-03 07:26:21"
1,JPY,32758.00,943.04,"2025-02-03 07:36:16"
0,KRW,717.00,1465.40,"2025-02-03 08:36:31"
0,KRW,306.00,1465.40,"2025-02-03 08:36:31"
1,JPY,35502.00,943.10,"2025-02-03 08:41:01"
1,JPY,11740.00,943.42,"2025-02-03 08:51:00"
1,JPY,4785.00,943.42,"2025-02-03 08:54:00"
1,JPY,15215.00,943.37,"2025-02-03 08:58:15"
1,USD,756.00,1465.90,"2025-02-03 09:03:28"
1,USD,267.00,1465.80,"2025-02-03 09:03:35"
0,KRW,20000.00,944.26,"2025-02-03 09:16:40"
0,KRW,893.00,1465.70,"2025-02-03 09:50:15"
1,JPY,18234.00,944.74,"2025-02-03 09:51:01"
1,JPY,1766.00,945.16,"2025-02-03 09:56:09"
1,USD,786.00,1465.80,"2025-02-03 10:11:23"
1,USD,107.00,1465.70,"2025-02-03 10:15:09"
0,KRW,727.00,1466.20,"2025-02-03 10:23:15"
0,KRW,45.00,1466.20,"2025-02-03 10:23:15"
0,KRW,810.00,1466.20,"2025-02-03 10:23:25"
1,JPY,10000.00,945.91,"2025-02-03 10:30:43"
1,USD,810.00,1467.10,"2025-02-03 10:31:46"
1,USD,772.00,1466.20,"2025-02-03 11:05:54"
0,KRW,10.00,1466.70,"2025-02-03 11:20:39"
0,KRW,11039.00,947.65,"2025-02-03 11:27:06"
0,KRW,753.00,1466.60,"2025-02-03 11:30:42"
1,JPY,36886.00,948.46,"2025-02-03 11:36:12"
1,USD,753.00,1467.10,"2025-02-03 11:37:17"
1,JPY,11039.00,947.53,"2025-02-03 11:38:10"
1,JPY,13114.00,948.91,"2025-02-03 11:46:10"
0,KRW,400.00,1464.80,"2025-02-03 12:43:09"
1,USD,751.00,1464.60,"2025-02-03 13:31:00"
1,USD,249.00,1465.30,"2025-02-03 13:36:12"
1,USD,400.00,1466.20,"2025-02-03 13:51:37"
0,KRW,400.00,1466.10,"2025-02-03 14:02:43"
0,KRW,826.00,1467.59,"2025-02-03 14:11:20"
1,USD,400.00,1467.30,"2025-02-03 14:13:04"
1,USD,411.00,1467.30,"2025-02-03 14:17:06"
1,JPY,36974.00,949.21,"2025-02-03 14:26:11"
1,JPY,13026.00,949.80,"2025-02-03 14:31:01"
1,JPY,999.00,949.80,"2025-02-03 14:31:01"
0,KRW,400.00,1467.60,"2025-02-03 14:51:53"
1,JPY,10000.00,949.90,"2025-02-03 15:08:39"
1,USD,415.00,1467.40,"2025-02-03 15:09:56"
1,USD,400.00,1467.40,"2025-02-03 15:10:27"
1,JPY,10000.00,949.90,"2025-02-03 15:11:27"
1,JPY,10000.00,952.13,"2025-02-03 15:26:22"
0,KRW,400.00,1463.80,"2025-02-03 15:39:23"
0,KRW,400.00,1463.40,"2025-02-03 16:01:01"
0,KRW,10000.00,945.28,"2025-02-03 16:05:25"
0,KRW,26419.00,939.67,"2025-02-03 23:36:09"
0,KRW,16359.00,939.44,"2025-02-03 23:51:01"
0,KRW,39757.00,939.08,"2025-02-03 23:56:12"
0,KRW,402.00,1457.70,"2025-02-04 00:00:38"
0,KRW,590.00,1457.70,"2025-02-04 00:01:08"
0,KRW,747.00,1457.90,"2025-02-04 00:01:16"
0,KRW,720.00,1457.90,"2025-02-04 00:01:16"
1,USD,402.00,1458.00,"2025-02-04 00:07:34"
0,KRW,10000.00,939.99,"2025-02-04 00:12:41"
1,USD,57.00,1459.00,"2025-02-04 00:16:33"
0,KRW,933.00,1459.10,"2025-02-04 00:30:06"
0,KRW,67.00,1458.10,"2025-02-04 00:31:40"
0,KRW,26355.00,938.43,"2025-02-04 00:36:13"
0,KRW,402.00,1459.29,"2025-02-04 00:51:44"
0,KRW,740.00,1459.60,"2025-02-04 01:21:51"
0,KRW,986.00,1459.70,"2025-02-04 01:22:00"
1,JPY,27400.00,940.38,"2025-02-04 01:26:13"
1,USD,988.00,1459.80,"2025-02-04 01:29:23"
0,KRW,17549.00,940.28,"2025-02-04 01:41:55"
1,USD,738.00,1460.00,"2025-02-04 01:42:11"
0,KRW,13000.00,940.28,"2025-02-04 01:45:35"
1,USD,402.00,1459.40,"2025-02-04 01:45:36"
1,JPY,13000.00,941.07,"2025-02-04 01:57:51"
0,KRW,921.00,1459.10,"2025-02-04 02:15:11"
1,USD,904.00,1459.30,"2025-02-04 02:27:00"
1,USD,17.00,1459.30,"2025-02-04 02:27:00"
0,KRW,20000.00,940.28,"2025-02-04 02:39:44"
1,JPY,12206.00,941.06,"2025-02-04 03:16:10"
1,USD,878.00,1460.20,"2025-02-04 03:26:11"
1,JPY,12413.00,941.33,"2025-02-04 03:31:01"
1,USD,333.00,1460.70,"2025-02-04 03:36:09"
0,KRW,15000.00,941.55,"2025-02-04 04:03:13"
1,JPY,13629.00,941.47,"2025-02-04 04:12:01"
1,JPY,1371.00,940.98,"2025-02-04 04:18:09"
0,KRW,14000.00,940.43,"2025-02-04 04:36:53"
1,JPY,14000.00,940.61,"2025-02-04 04:46:59"
1,USD,500.00,1461.00,"2025-02-04 05:01:03"
1,USD,438.00,1461.00,"2025-02-04 05:01:03"
1,USD,62.00,1461.20,"2025-02-04 05:02:10"
1,USD,500.00,1461.20,"2025-02-04 05:02:10"
1,USD,252.00,1461.20,"2025-02-04 05:02:10"
1,USD,896.00,1464.40,"2025-02-04 05:06:12"
1,JPY,11212.00,944.69,"2025-02-04 05:06:14"
1,USD,756.00,1463.70,"2025-02-04 05:07:03"
1,JPY,57203.00,944.70,"2025-02-04 05:08:15"
1,USD,1027.00,1464.70,"2025-02-04 05:10:16"
1,USD,599.00,1465.60,"2025-02-04 05:11:01"
1,JPY,21999.00,946.00,"2025-02-04 05:11:02"
1,USD,180.00,1465.60,"2025-02-04 05:11:30"
1,JPY,24449.00,944.11,"2025-02-04 05:12:10"
1,USD,15.00,1464.70,"2025-02-04 05:12:34"
1,USD,554.00,1464.60,"2025-02-04 05:12:45"
1,JPY,7136.00,944.81,"2025-02-04 05:16:14"
1,JPY,10179.00,944.81,"2025-02-04 05:16:35"
1,USD,709.00,1464.20,"2025-02-04 05:16:42"
1,USD,1019.00,1463.80,"2025-02-04 05:17:01"
1,USD,1049.00,1463.70,"2025-02-04 05:17:14"
1,USD,979.00,1463.80,"2025-02-04 05:17:31"
0,KRW,722.00,1464.90,"2025-02-04 05:18:21"
1,USD,722.00,1464.30,"2025-02-04 05:29:58"
1,JPY,10000.00,943.67,"2025-02-04 05:30:27"
0,KRW,10000.00,944.99,"2025-02-04 05:31:43"
1,USD,221.00,1463.50,"2025-02-04 05:32:39"
0,KRW,12681.00,943.55,"2025-02-04 05:38:44"
0,KRW,10000.00,943.43,"2025-02-04 05:49:41"
0,KRW,20847.00,941.69,"2025-02-04 06:26:10"
0,KRW,26706.00,941.52,"2025-02-04 06:36:14"
0,KRW,2447.00,941.09,"2025-02-04 06:41:00"
1,USD,244.00,1461.80,"2025-02-04 06:59:23"
0,KRW,20000.00,940.80,"2025-02-04 07:23:40"
1,JPY,20000.00,940.75,"2025-02-04 07:26:47"
0,KRW,867.00,1460.00,"2025-02-04 07:36:10"
0,KRW,10000.00,939.80,"2025-02-04 07:36:11"
0,KRW,822.00,1459.60,"2025-02-04 07:41:01"
0,KRW,311.00,1458.80,"2025-02-04 07:46:12"
0,KRW,403.00,1460.20,"2025-02-04 08:07:00"
0,KRW,786.00,1459.40,"2025-02-04 08:26:10"
0,KRW,20000.00,940.48,"2025-02-04 08:37:05"
0,KRW,845.00,1460.10,"2025-02-04 08:37:55"
1,JPY,15243.00,940.83,"2025-02-04 08:42:36"
1,USD,845.00,1460.10,"2025-02-04 08:45:00"
1,JPY,4757.00,940.30,"2025-02-04 08:46:22"
0,KRW,921.00,1459.30,"2025-02-04 08:56:11"
0,KRW,884.00,1459.10,"2025-02-04 09:01:00"
0,KRW,985.00,1458.40,"2025-02-04 09:02:11"
0,KRW,417.00,1459.00,"2025-02-04 09:03:00"
0,KRW,10000.00,937.67,"2025-02-04 10:14:44"
0,KRW,350.00,1456.10,"2025-02-04 10:35:43"
1,USD,350.00,1456.50,"2025-02-04 10:43:30"
0,KRW,350.00,1456.40,"2025-02-04 11:33:46"
0,KRW,832.00,1455.10,"2025-02-04 13:56:10"
0,KRW,983.00,1455.70,"2025-02-04 13:57:01"
0,KRW,715.00,1454.80,"2025-02-04 14:01:01"
0,KRW,738.00,1455.79,"2025-02-04 14:02:09"
0,KRW,329.00,1454.40,"2025-02-04 14:06:17"
0,KRW,403.00,1454.40,"2025-02-04 14:10:55"
1,USD,403.00,1452.80,"2025-02-04 14:49:26"
0,KRW,403.00,1452.40,"2025-02-04 14:58:17"
0,KRW,20000.00,936.65,"2025-02-04 15:05:26"
1,USD,403.00,1451.80,"2025-02-04 15:06:37"
1,JPY,20000.00,939.19,"2025-02-04 15:17:48"
0,KRW,403.00,1450.90,"2025-02-04 15:48:04"
0,KRW,33788.00,941.20,"2025-02-04 23:36:52"
0,KRW,184.00,1453.80,"2025-02-04 23:38:12"
1,JPY,35353.00,941.92,"2025-02-04 23:42:00"
0,KRW,798.00,1452.20,"2025-02-04 23:46:09"
0,KRW,755.00,1453.10,"2025-02-04 23:47:00"
0,KRW,44.00,1452.50,"2025-02-04 23:51:01"
1,JPY,14446.00,942.84,"2025-02-04 23:56:09"
1,JPY,10667.00,942.73,"2025-02-05 00:06:10"
1,JPY,10000.00,942.33,"2025-02-05 00:07:05"
0,KRW,768.00,1454.50,"2025-02-05 00:34:08"
0,KRW,733.00,1454.79,"2025-02-05 00:34:20"
0,KRW,494.00,1455.50,"2025-02-05 00:35:11"
1,USD,350.00,1453.80,"2025-02-05 00:36:04"
0,KRW,733.00,1452.70,"2025-02-05 00:41:02"
0,KRW,969.00,1451.90,"2025-02-05 00:46:09"
0,KRW,739.00,1452.50,"2025-02-05 00:47:01"
0,KRW,920.00,1452.90,"2025-02-05 00:51:04"
0,KRW,639.00,1452.59,"2025-02-05 00:52:14"
1,JPY,27693.00,942.64,"2025-02-05 00:57:49"
1,USD,784.00,1449.70,"2025-02-05 01:21:23"
0,KRW,180.00,1450.50,"2025-02-05 01:22:43"
0,KRW,596.00,1450.50,"2025-02-05 01:24:12"
1,JPY,16422.00,944.57,"2025-02-05 01:26:13"
1,JPY,13569.00,944.76,"2025-02-05 01:31:04"
1,USD,596.00,1451.20,"2025-02-05 01:36:10"
0,KRW,10000.00,944.93,"2025-02-05 01:47:59"
1,JPY,24358.00,945.54,"2025-02-05 01:56:11"
0,KRW,877.00,1452.30,"2025-02-05 02:00:50"
1,JPY,32049.00,945.43,"2025-02-05 02:01:01"
1,JPY,18036.00,946.26,"2025-02-05 02:06:17"
1,USD,710.00,1451.00,"2025-02-05 02:10:09"
1,JPY,5557.00,945.49,"2025-02-05 02:11:01"
1,JPY,20000.00,945.49,"2025-02-05 02:11:49"
1,JPY,7906.00,945.49,"2025-02-05 02:13:07"
1,JPY,2094.00,945.50,"2025-02-05 02:28:39"
1,USD,167.00,1448.20,"2025-02-05 02:30:59"
0,KRW,816.00,1448.90,"2025-02-05 02:46:10"
0,KRW,20000.00,944.94,"2025-02-05 02:49:04"
0,KRW,837.00,1449.40,"2025-02-05 02:50:35"
1,JPY,20000.00,945.29,"2025-02-05 02:57:53"
1,USD,837.00,1449.80,"2025-02-05 03:01:19"
0,KRW,20000.00,945.34,"2025-02-05 03:03:00"
1,JPY,20000.00,945.24,"2025-02-05 03:05:53"
0,KRW,20000.00,946.15,"2025-02-05 03:37:02"
1,JPY,12839.00,946.12,"2025-02-05 03:42:52"
1,JPY,7161.00,946.00,"2025-02-05 03:44:25"
0,KRW,20000.00,945.52,"2025-02-05 03:54:02"
1,JPY,20000.00,945.86,"2025-02-05 04:06:22"
0,KRW,879.00,1448.80,"2025-02-05 04:16:10"
0,KRW,582.00,1449.20,"2025-02-05 04:26:12"
1,USD,936.00,1448.40,"2025-02-05 04:36:37"
1,USD,803.00,1448.40,"2025-02-05 04:36:37"
1,USD,270.00,1448.30,"2025-02-05 04:37:03"
0,KRW,793.00,1447.90,"2025-02-05 06:11:01"
0,KRW,894.00,1448.39,"2025-02-05 06:12:10"
0,KRW,35.00,1447.40,"2025-02-05 06:16:10"
0,KRW,100.00,1445.40,"2025-02-05 06:21:01"
0,KRW,20000.00,943.34,"2025-02-05 07:31:38"
0,KRW,20000.00,943.21,"2025-02-05 07:49:34"
1,JPY,20000.00,943.73,"2025-02-05 07:51:30"
1,JPY,11317.00,943.73,"2025-02-05 07:51:56"
0,KRW,940.00,1445.60,"2025-02-05 07:52:31"
1,JPY,8683.00,943.07,"2025-02-05 07:54:28"
1,USD,819.00,1446.00,"2025-02-05 08:02:54"
1,USD,121.00,1445.80,"2025-02-05 08:03:44"
0,KRW,20000.00,943.19,"2025-02-05 08:17:29"
0,KRW,729.00,1446.50,"2025-02-05 08:19:42"
1,USD,729.00,1446.80,"2025-02-05 08:36:10"
0,KRW,15000.00,944.11,"2025-02-05 08:37:33"
0,KRW,590.00,944.11,"2025-02-05 08:37:50"
1,JPY,15586.00,945.17,"2025-02-05 08:41:00"
1,JPY,12032.00,945.17,"2025-02-05 08:41:00"
1,JPY,7968.00,945.88,"2025-02-05 08:46:11"
1,JPY,10000.00,945.72,"2025-02-05 09:44:48"
1,JPY,10000.00,946.06,"2025-02-05 09:46:49"
0,KRW,760.00,1445.70,"2025-02-05 10:53:30"
0,KRW,813.00,1445.79,"2025-02-05 10:53:35"
1,JPY,24046.00,945.16,"2025-02-05 12:16:05"
1,JPY,23192.00,945.16,"2025-02-05 12:16:05"
1,USD,500.00,1445.00,"2025-02-05 12:19:08"
1,JPY,19217.00,945.40,"2025-02-05 12:26:12"
0,KRW,969.00,1445.30,"2025-02-05 12:30:18"
0,KRW,785.00,1445.20,"2025-02-05 12:33:34"
1,USD,867.00,1445.80,"2025-02-05 12:41:30"
1,USD,102.00,1446.70,"2025-02-05 13:02:39"
1,USD,785.00,1446.70,"2025-02-05 13:04:50"
1,JPY,10000.00,946.60,"2025-02-05 13:07:43"
1,USD,733.00,1448.10,"2025-02-05 13:29:42"
1,USD,840.00,1448.00,"2025-02-05 13:29:49"
1,USD,8.00,1448.00,"2025-02-05 13:30:37"
1,USD,356.00,1447.70,"2025-02-05 13:30:37"
1,JPY,6095.00,946.80,"2025-02-05 13:36:10"
0,KRW,852.00,1447.50,"2025-02-05 13:53:19"
0,KRW,11065.00,946.02,"2025-02-05 14:33:26"
0,KRW,42641.00,946.23,"2025-02-05 14:33:26"
0,KRW,8194.00,945.54,"2025-02-05 14:33:26"
1,USD,852.00,1446.80,"2025-02-05 14:48:51"
1,JPY,33137.00,947.35,"2025-02-05 15:17:21"
0,KRW,31000.00,947.47,"2025-02-05 15:18:56"
0,KRW,2100.00,947.47,"2025-02-05 15:19:22"
1,JPY,21310.00,948.15,"2025-02-05 15:31:01"
1,JPY,26515.00,947.23,"2025-02-05 15:34:28"
1,JPY,33329.00,947.12,"2025-02-05 15:36:39"
1,JPY,2019.00,946.96,"2025-02-05 15:37:25"
1,JPY,22301.00,948.08,"2025-02-05 15:41:01"
1,JPY,11155.00,948.22,"2025-02-05 15:46:10"
1,JPY,23078.00,948.09,"2025-02-05 15:51:01"
1,JPY,34306.00,947.99,"2025-02-05 15:56:10"
1,JPY,34630.00,947.93,"2025-02-05 16:01:01"
1,JPY,14102.00,948.29,"2025-02-05 16:06:09"
1,JPY,8054.00,948.34,"2025-02-05 16:11:01"
1,JPY,23193.00,948.34,"2025-02-05 16:11:01"
1,JPY,7871.00,947.62,"2025-02-05 16:16:10"
0,KRW,749.00,1446.20,"2025-02-06 00:07:59"
0,KRW,748.00,1444.70,"2025-02-06 00:16:10"
0,KRW,730.00,1445.09,"2025-02-06 00:17:01"
1,JPY,25072.00,949.78,"2025-02-06 01:06:11"
1,JPY,35334.00,949.72,"2025-02-06 01:11:01"
1,JPY,37811.00,949.44,"2025-02-06 01:26:11"
1,JPY,1783.00,949.85,"2025-02-06 01:31:01"
1,JPY,35901.00,949.85,"2025-02-06 01:31:01"
1,JPY,2299.00,948.92,"2025-02-06 01:32:09"
1,JPY,23822.00,951.04,"2025-02-06 01:36:10"
1,JPY,19672.00,950.71,"2025-02-06 01:41:00"
1,JPY,22332.00,950.38,"2025-02-06 01:42:10"
1,JPY,14174.00,950.27,"2025-02-06 01:46:09"
1,JPY,21089.00,950.27,"2025-02-06 01:46:09"
1,JPY,16092.00,950.02,"2025-02-06 01:47:01"
1,JPY,22978.00,951.40,"2025-02-06 01:51:00"
1,JPY,26356.00,950.18,"2025-02-06 01:52:10"
1,JPY,13485.00,950.55,"2025-02-06 01:56:10"
1,JPY,20000.00,950.55,"2025-02-06 01:56:33"
0,KRW,925.00,1445.00,"2025-02-06 02:01:00"
0,KRW,984.00,1446.60,"2025-02-06 02:22:56"
0,KRW,844.00,1446.79,"2025-02-06 02:23:02"
0,KRW,819.00,1447.40,"2025-02-06 02:24:03"
1,USD,854.00,1447.70,"2025-02-06 02:33:42"
1,USD,825.00,1447.60,"2025-02-06 02:33:51"
1,USD,771.00,1448.60,"2025-02-06 02:41:00"
1,JPY,13393.00,951.10,"2025-02-06 02:42:46"
1,JPY,34122.00,950.38,"2025-02-06 02:43:09"
1,USD,149.00,1448.10,"2025-02-06 02:46:11"
1,JPY,6000.00,951.34,"2025-02-06 02:52:29"
1,USD,48.00,1448.10,"2025-02-06 02:55:06"
1,JPY,11728.00,951.55,"2025-02-06 03:26:50"
1,JPY,2557.00,951.06,"2025-02-06 03:27:22"
0,KRW,20000.00,951.99,"2025-02-06 03:37:37"
0,KRW,405.00,1448.70,"2025-02-06 03:43:10"
1,JPY,15089.00,951.65,"2025-02-06 03:56:28"
1,USD,405.00,1449.50,"2025-02-06 03:56:36"
1,JPY,4911.00,951.87,"2025-02-06 04:20:08"
0,KRW,877.00,1448.00,"2025-02-06 04:49:29"
1,USD,877.00,1448.10,"2025-02-06 05:01:55"
0,KRW,10000.00,950.41,"2025-02-06 05:36:10"
0,KRW,22561.00,950.41,"2025-02-06 05:36:10"
0,KRW,977.00,1447.40,"2025-02-06 06:50:06"
0,KRW,10000.00,949.06,"2025-02-06 07:01:01"
1,USD,783.00,1448.00,"2025-02-06 07:08:51"
1,USD,194.00,1447.80,"2025-02-06 07:11:28"
0,KRW,20000.00,948.96,"2025-02-06 07:13:49"
0,KRW,830.00,1448.30,"2025-02-06 07:15:04"
1,USD,738.00,1448.50,"2025-02-06 07:31:01"
1,JPY,20000.00,949.58,"2025-02-06 07:36:10"
1,USD,92.00,1448.20,"2025-02-06 07:39:12"
0,KRW,15000.00,949.68,"2025-02-06 07:49:16"
1,USD,752.00,1449.60,"2025-02-06 07:56:11"
0,KRW,257.00,1450.10,"2025-02-06 07:59:33"
1,JPY,15000.00,950.99,"2025-02-06 08:06:11"
1,USD,748.00,1450.60,"2025-02-06 08:11:01"
1,USD,177.00,1450.60,"2025-02-06 08:15:01"
1,USD,80.00,1449.80,"2025-02-06 09:06:09"
1,JPY,22561.00,950.26,"2025-02-06 09:06:36"
0,KRW,405.00,1450.50,"2025-02-06 10:39:41"
0,KRW,896.00,1450.20,"2025-02-06 10:42:00"
0,KRW,298.00,1450.50,"2025-02-06 10:42:08"
1,JPY,10000.00,950.83,"2025-02-06 11:12:43"
1,JPY,10000.00,952.66,"2025-02-06 12:11:01"
1,USD,405.00,1450.90,"2025-02-06 12:23:03"
0,KRW,805.00,1451.20,"2025-02-06 13:26:12"
0,KRW,757.00,1450.60,"2025-02-06 13:36:10"
1,JPY,10000.00,952.24,"2025-02-06 13:36:54"
0,KRW,760.00,1450.99,"2025-02-06 13:37:01"
0,KRW,405.00,1450.20,"2025-02-06 13:51:23"
1,JPY,10000.00,953.00,"2025-02-06 13:51:45"
1,JPY,10008.00,953.16,"2025-02-06 14:01:01"
1,JPY,23202.00,956.73,"2025-02-06 23:51:01"
0,KRW,153.00,1447.40,"2025-02-06 23:53:45"
1,JPY,24369.00,956.97,"2025-02-07 00:01:04"
1,JPY,31823.00,956.58,"2025-02-07 00:11:01"
1,JPY,2846.00,956.77,"2025-02-07 00:16:10"
1,JPY,28568.00,957.10,"2025-02-07 00:21:01"
1,JPY,22456.00,957.60,"2025-02-07 00:31:01"
1,JPY,23711.00,957.34,"2025-02-07 00:36:12"
1,JPY,25265.00,957.70,"2025-02-07 00:41:01"
1,JPY,12721.00,957.70,"2025-02-07 00:41:01"
0,KRW,840.00,1447.10,"2025-02-07 00:52:06"
1,JPY,30922.00,957.19,"2025-02-07 00:56:09"
1,JPY,23274.00,957.41,"2025-02-07 01:01:01"
1,USD,712.00,1447.40,"2025-02-07 01:04:39"
1,USD,767.00,1447.30,"2025-02-07 01:15:44"
1,USD,433.00,1448.10,"2025-02-07 01:16:11"
1,USD,128.00,1448.10,"2025-02-07 01:16:26"
0,KRW,20000.00,955.27,"2025-02-07 01:53:50"
0,KRW,579.00,1447.60,"2025-02-07 01:56:10"
1,JPY,12331.00,955.35,"2025-02-07 01:56:50"
0,KRW,39282.00,954.94,"2025-02-07 02:01:01"
0,KRW,35631.00,954.31,"2025-02-07 02:16:11"
0,KRW,17418.00,954.21,"2025-02-07 02:26:09"
0,KRW,15000.00,954.59,"2025-02-07 02:37:50"
0,KRW,816.00,1447.90,"2025-02-07 02:43:31"
0,KRW,184.00,1447.90,"2025-02-07 02:43:31"
1,JPY,15000.00,955.12,"2025-02-07 03:22:00"
0,KRW,30000.00,954.52,"2025-02-07 03:57:10"
1,JPY,30000.00,954.72,"2025-02-07 04:05:47"
0,KRW,30000.00,954.92,"2025-02-07 04:21:29"
1,JPY,10000.00,954.67,"2025-02-07 04:29:32"
1,JPY,24855.00,954.67,"2025-02-07 04:36:16"
1,JPY,5145.00,954.63,"2025-02-07 04:41:43"
0,KRW,20000.00,954.18,"2025-02-07 05:08:51"
1,JPY,15390.00,954.44,"2025-02-07 05:31:01"
1,JPY,4610.00,954.42,"2025-02-07 05:36:09"
1,USD,405.00,1448.40,"2025-02-07 05:54:50"
0,KRW,405.00,1447.30,"2025-02-07 06:31:32"
0,KRW,20000.00,953.84,"2025-02-07 07:39:37"
1,JPY,20000.00,953.97,"2025-02-07 07:45:10"
0,KRW,781.00,1447.00,"2025-02-07 08:06:10"
0,KRW,792.00,1445.90,"2025-02-07 08:11:01"
0,KRW,967.00,1446.19,"2025-02-07 08:12:10"
0,KRW,1039.00,1446.70,"2025-02-07 08:13:01"
0,KRW,421.00,1445.60,"2025-02-07 08:16:09"
0,KRW,849.00,1445.40,"2025-02-07 08:25:53"
0,KRW,739.00,1446.30,"2025-02-07 10:05:42"
0,KRW,20000.00,950.94,"2025-02-07 10:21:01"
0,KRW,10000.00,950.80,"2025-02-07 10:27:59"
0,KRW,21000.00,950.28,"2025-02-07 12:01:01"
1,USD,735.00,1446.50,"2025-02-07 12:51:01"
1,JPY,1000.00,951.53,"2025-02-07 12:51:02"
1,JPY,10000.00,951.53,"2025-02-07 12:51:03"
1,JPY,4234.00,951.53,"2025-02-07 12:51:03"
1,USD,4.00,1446.40,"2025-02-07 12:56:10"
1,JPY,5766.00,951.82,"2025-02-07 13:01:01"
0,KRW,10000.00,951.94,"2025-02-07 13:16:10"
1,USD,405.00,1447.50,"2025-02-07 13:17:56"
0,KRW,12303.00,952.09,"2025-02-07 13:34:40"
1,JPY,4844.00,953.27,"2025-02-07 13:41:00"
1,JPY,12303.00,953.27,"2025-02-07 13:41:42"
0,KRW,81.00,1446.60,"2025-02-07 13:46:49"
0,KRW,325.00,1446.60,"2025-02-07 13:47:55"
0,KRW,975.00,1447.69,"2025-02-07 13:56:57"
0,KRW,20000.00,952.36,"2025-02-07 13:59:36"
1,USD,406.00,1447.60,"2025-02-07 14:02:24"
1,USD,840.00,1448.00,"2025-02-07 14:15:17"
1,JPY,10745.00,952.64,"2025-02-07 14:22:13"
1,JPY,9259.00,952.39,"2025-02-07 14:22:32"
1,USD,135.00,1447.90,"2025-02-07 14:23:20"
1,USD,854.00,1447.90,"2025-02-07 14:27:49"
1,USD,871.00,1447.70,"2025-02-07 14:27:55"
1,USD,318.00,1447.70,"2025-02-07 14:27:55"
1,JPY,29514.00,954.04,"2025-02-07 14:46:10"
1,JPY,28007.00,954.63,"2025-02-07 14:51:01"
0,KRW,406.00,1447.50,"2025-02-07 14:54:53"
1,JPY,36191.00,955.14,"2025-02-07 14:56:14"
1,JPY,6288.00,955.32,"2025-02-07 15:01:01"
1,JPY,4606.00,955.32,"2025-02-07 15:01:01"
1,JPY,48007.00,954.11,"2025-02-07 15:02:09"
1,USD,406.00,1447.50,"2025-02-07 15:03:42"
1,JPY,7387.00,955.30,"2025-02-07 15:06:11"
0,KRW,29423.00,955.42,"2025-02-07 15:09:09"
0,KRW,23952.00,955.45,"2025-02-07 15:09:44"
1,JPY,21852.00,955.30,"2025-02-07 15:10:27"
1,JPY,28312.00,956.22,"2025-02-07 15:21:01"
1,JPY,37991.00,956.70,"2025-02-07 15:26:10"
1,JPY,21567.00,956.73,"2025-02-07 15:31:01"
1,JPY,28819.00,955.39,"2025-02-07 15:32:59"
1,JPY,32704.00,955.39,"2025-02-07 15:32:59"
0,KRW,20000.00,955.29,"2025-02-07 15:49:36"
0,KRW,405.00,1448.70,"2025-02-07 15:54:37"
0,KRW,359.00,1448.70,"2025-02-07 15:54:39"
0,KRW,792.00,1449.20,"2025-02-07 15:54:52"
0,KRW,486.00,1449.30,"2025-02-07 15:54:59"
0,KRW,364.00,1449.30,"2025-02-07 15:55:13"
0,KRW,40.00,1449.40,"2025-02-07 15:55:25"
1,JPY,12130.00,956.78,"2025-02-07 15:58:11"
1,JPY,10000.00,958.91,"2025-02-07 16:01:01"
1,JPY,10000.00,958.91,"2025-02-07 16:01:01"
1,USD,876.00,1454.50,"2025-02-07 16:06:45"
1,USD,718.00,1453.90,"2025-02-07 16:09:02"
1,USD,447.00,1453.50,"2025-02-07 16:09:07"
1,USD,405.00,1454.00,"2025-02-07 16:12:47"
1,JPY,10000.00,959.97,"2025-02-07 16:16:09"
0,KRW,405.00,1454.50,"2025-02-07 16:17:24"
1,USD,405.00,1454.00,"2025-02-07 16:22:17"
1,JPY,11662.00,962.01,"2025-02-07 16:36:10"
1,JPY,8338.00,962.70,"2025-02-07 16:41:01"
1,JPY,10000.00,961.82,"2025-02-08 00:52:27"
1,JPY,5406.00,961.82,"2025-02-08 00:53:47"
1,JPY,4594.00,961.82,"2025-02-08 00:53:47"
1,JPY,24033.00,961.82,"2025-02-08 00:56:45"
0,KRW,14033.00,961.89,"2025-02-08 00:58:48"
0,KRW,100.00,961.82,"2025-02-08 11:41:43"
1,JPY,100.00,960.64,"2025-02-08 11:46:16"
0,KRW,10000.00,961.79,"2025-02-08 11:52:37"
1,JPY,10000.00,962.38,"2025-02-08 14:19:33"
1,JPY,20166.00,962.71,"2025-02-08 14:35:48"
1,JPY,30950.00,962.69,"2025-02-08 14:36:04"
1,JPY,37065.00,962.69,"2025-02-08 14:36:04"
1,JPY,11820.00,962.71,"2025-02-08 14:36:17"
1,USD,100.00,1457.60,"2025-02-09 00:00:38"
1,JPY,10000.00,962.71,"2025-02-09 00:04:10"
1,JPY,10000.00,962.71,"2025-02-09 00:05:45"
1,JPY,10000.00,962.69,"2025-02-09 00:22:23"
1,JPY,10000.00,962.69,"2025-02-09 00:24:43"
1,JPY,10000.00,962.71,"2025-02-09 05:05:57"
0,KRW,38531.00,959.61,"2025-02-10 00:20:23"
0,KRW,22900.00,959.90,"2025-02-10 00:21:02"
0,KRW,912.00,1453.70,"2025-02-10 00:46:10"
0,JPY,10443.00,957.52,"2025-02-10 02:10:24"
0,JPY,10148.00,956.75,"2025-02-10 02:56:13"
0,JPY,301.00,956.69,"2025-02-10 03:01:01"
0,JPY,10454.00,956.44,"2025-02-10 03:36:14"
0,JPY,20361.00,956.94,"2025-02-10 03:47:02"
1,USD,997.00,1454.10,"2025-02-10 03:56:48"
1,USD,859.00,1454.10,"2025-02-10 03:56:48"
0,JPY,33376.00,956.53,"2025-02-10 04:06:09"
0,USD,863.00,1453.80,"2025-02-10 04:11:03"
0,USD,804.00,1453.60,"2025-02-10 04:16:10"
0,JPY,15587.00,956.49,"2025-02-10 04:16:11"
0,JPY,12104.00,956.83,"2025-02-10 04:21:03"
0,JPY,24642.00,956.41,"2025-02-10 04:26:14"
0,JPY,14291.00,956.53,"2025-02-10 04:31:01"
0,USD,140.00,1452.50,"2025-02-10 04:41:01"
0,JPY,10460.00,955.70,"2025-02-10 05:06:10"
0,JPY,10465.00,954.92,"2025-02-10 05:31:01"
0,JPY,10471.00,954.92,"2025-02-10 05:31:01"
0,USD,874.00,1451.00,"2025-02-10 06:31:03"
0,USD,126.00,1450.90,"2025-02-10 06:31:03"
0,JPY,10476.00,954.49,"2025-02-10 07:31:03"
0,JPY,10085.00,954.22,"2025-02-10 08:02:01"
0,JPY,34515.00,954.70,"2025-02-10 08:02:14"
0,JPY,10482.00,953.56,"2025-02-10 08:16:17"
0,JPY,1547.00,953.56,"2025-02-10 08:16:17"
0,JPY,12040.00,953.88,"2025-02-10 08:21:01"
0,JPY,10487.00,953.09,"2025-02-10 08:26:10"
0,JPY,10795.00,953.09,"2025-02-10 08:26:10"
0,JPY,10493.00,952.97,"2025-02-10 08:31:01"
0,JPY,15530.00,952.97,"2025-02-10 08:31:01"
0,JPY,13183.00,952.65,"2025-02-10 08:36:11"
0,JPY,15013.00,953.71,"2025-02-10 08:37:01"
0,JPY,430.00,953.74,"2025-02-10 08:41:01"
0,JPY,26387.00,953.33,"2025-02-10 08:46:45"
0,JPY,35930.00,953.74,"2025-02-10 08:48:41"
0,JPY,37218.00,953.88,"2025-02-10 08:50:12"
0,JPY,27570.00,953.24,"2025-02-10 09:31:51"
0,JPY,6430.00,953.24,"2025-02-10 09:31:51"
0,JPY,30477.00,953.24,"2025-02-10 09:33:14"
0,JPY,33536.00,953.62,"2025-02-10 09:36:03"
0,JPY,36625.00,953.04,"2025-02-10 09:38:42"
0,JPY,31867.00,953.07,"2025-02-10 09:49:10"
0,JPY,15299.00,953.07,"2025-02-10 09:49:10"
0,JPY,24026.00,953.13,"2025-02-10 09:56:07"
0,JPY,36786.00,953.08,"2025-02-10 09:57:14"
0,JPY,10000.00,954.15,"2025-02-10 09:58:03"
0,JPY,10000.00,952.99,"2025-02-10 10:02:54"
0,JPY,25814.00,952.99,"2025-02-10 10:04:23"
0,JPY,38163.00,952.97,"2025-02-10 10:12:42"
0,JPY,18232.00,953.00,"2025-02-10 10:13:57"
0,USD,932.00,1450.90,"2025-02-10 11:37:05"
0,USD,993.00,1451.10,"2025-02-10 11:37:12"
0,JPY,18761.00,953.54,"2025-02-10 11:50:14"
0,JPY,26996.00,953.57,"2025-02-10 11:52:26"
0,JPY,20166.00,953.62,"2025-02-10 11:53:11"
0,JPY,37741.00,953.71,"2025-02-10 12:09:57"
0,JPY,23259.00,953.71,"2025-02-10 12:09:57"
0,JPY,20751.00,953.65,"2025-02-10 12:12:55"
0,JPY,6648.00,953.71,"2025-02-10 12:13:09"
0,JPY,20165.00,953.41,"2025-02-10 12:24:22"
1,JPY,100.00,953.66,"2025-02-10 12:45:26"
1,JPY,9900.00,953.66,"2025-02-10 12:52:45"
1,JPY,31485.00,954.78,"2025-02-10 13:06:10"
1,JPY,30570.00,954.86,"2025-02-10 13:16:11"
1,JPY,21709.00,954.83,"2025-02-10 13:21:01"
1,JPY,15490.00,955.08,"2025-02-10 13:36:01"
1,JPY,746.00,954.89,"2025-02-10 13:41:01"
0,JPY,19523.00,956.77,"2025-02-10 14:41:01"
1,JPY,10471.00,957.00,"2025-02-10 15:06:01"
1,JPY,10472.00,957.00,"2025-02-10 15:06:01"
1,JPY,49361.00,955.97,"2025-02-10 15:13:29"
1,JPY,12070.00,955.72,"2025-02-10 15:13:49"
1,JPY,41798.00,956.91,"2025-02-10 15:22:38"
0,USD,3010.00,1450.90,"2025-02-10 15:56:01"
0,USD,33.00,1450.90,"2025-02-10 15:56:01"
1,JPY,38600.00,956.76,"2025-02-11 00:01:01"
1,JPY,61400.00,956.76,"2025-02-11 00:04:43"
1,USD,1925.00,1452.80,"2025-02-11 00:07:49"
0,USD,404.00,1453.25,"2025-02-11 00:14:36"
1,JPY,10000.00,956.85,"2025-02-11 00:38:18"
0,JPY,100000.00,956.28,"2025-02-11 01:29:31"
1,USD,1000.00,1453.65,"2025-02-11 01:36:03"
1,JPY,100000.00,957.57,"2025-02-11 03:06:03"
1,USD,404.00,1455.00,"2025-02-11 03:17:42"
1,JPY,197062.00,956.58,"2025-02-11 03:55:25"
1,JPY,56695.00,956.71,"2025-02-11 03:57:44"
0,USD,204.00,1453.75,"2025-02-11 04:37:18"
0,USD,2036.00,1453.75,"2025-02-11 05:52:10"
1,USD,404.00,1452.25,"2025-02-11 06:28:25"
0,USD,404.00,1453.00,"2025-02-11 07:36:45"
1,JPY,100000.00,957.04,"2025-02-11 08:36:01"
0,JPY,30000.00,955.96,"2025-02-11 10:16:00"
1,USD,404.00,1453.10,"2025-02-11 11:01:09"
0,JPY,100000.00,954.92,"2025-02-11 11:17:45"
0,JPY,100000.00,954.66,"2025-02-11 11:21:35"
0,JPY,93478.00,954.66,"2025-02-11 11:22:21"
0,JPY,6522.00,954.66,"2025-02-11 11:36:28"
0,JPY,159276.00,953.66,"2025-02-11 11:57:19"
0,JPY,36323.00,954.86,"2025-02-11 12:04:59"
0,JPY,25200.00,954.98,"2025-02-11 12:05:37"
0,JPY,10000.00,954.24,"2025-02-11 13:14:38"
1,USD,68.00,1453.30,"2025-02-11 13:19:55"
0,JPY,4602.00,953.55,"2025-02-11 13:21:01"
0,JPY,10000.00,953.55,"2025-02-11 13:21:01"
0,JPY,10000.00,953.55,"2025-02-11 13:21:01"
1,USD,922.00,1455.15,"2025-02-11 13:31:00"
1,USD,10.00,1455.15,"2025-02-11 13:31:00"
1,USD,33.00,1455.15,"2025-02-11 13:31:00"
1,JPY,10000.00,955.10,"2025-02-11 13:31:04"
1,JPY,61523.00,955.10,"2025-02-11 13:32:08"
1,USD,1671.00,1455.15,"2025-02-11 13:34:52"
0,JPY,36401.00,955.81,"2025-02-11 14:47:10"
0,JPY,25099.00,955.63,"2025-02-11 14:51:01"
1,JPY,199049.00,955.60,"2025-02-11 14:59:52"
1,USD,365.00,1454.85,"2025-02-11 15:01:20"
1,JPY,951.00,955.54,"2025-02-11 15:02:40"
1,JPY,151905.00,954.73,"2025-02-11 15:09:34"
1,JPY,122023.00,955.17,"2025-02-11 15:13:48"
1,JPY,23321.00,955.17,"2025-02-11 15:14:46"
0,USD,703.00,1454.19,"2025-02-11 15:32:01"
0,JPY,159117.00,952.93,"2025-02-11 15:33:21"
0,USD,33.00,1453.80,"2025-02-11 15:36:01"
0,USD,297.00,1453.80,"2025-02-11 15:36:01"
1,JPY,100000.00,953.06,"2025-02-11 15:48:32"
1,JPY,82665.00,953.06,"2025-02-11 15:48:49"
1,JPY,17335.00,953.13,"2025-02-11 15:52:02"
1,USD,319.00,1450.80,"2025-02-11 17:14:40"
1,USD,493.00,1450.80,"2025-02-11 17:14:40"
1,USD,1000.00,1450.10,"2025-02-11 17:14:49"
1,USD,1000.00,1449.80,"2025-02-11 17:15:05"
1,USD,188.00,1449.30,"2025-02-11 17:15:23"
0,JPY,10000.00,951.46,"2025-02-12 00:00:57"
0,JPY,50000.00,950.61,"2025-02-12 00:18:42"
1,USD,3357.00,1454.45,"2025-02-12 01:26:03"
1,USD,33.00,1453.95,"2025-02-12 01:27:01"
1,USD,3000.00,1454.15,"2025-02-12 01:31:18"
0,USD,33.00,1449.95,"2025-02-12 02:06:03"
0,JPY,100000.00,945.35,"2025-02-12 02:13:04"
1,USD,33.00,1451.00,"2025-02-12 03:21:00"
0,USD,2038.00,1451.95,"2025-02-12 03:28:45"
0,JPY,10000.00,946.55,"2025-02-12 04:04:38"
1,USD,2038.00,1453.10,"2025-02-12 05:07:07"
0,USD,10.00,1453.34,"2025-02-12 06:25:17"
1,JPY,135797.00,946.24,"2025-02-12 07:02:06"
1,JPY,59707.00,946.24,"2025-02-12 07:04:20"
1,USD,643.00,1453.50,"2025-02-12 12:23:50"
0,JPY,154369.00,945.87,"2025-02-12 12:58:06"
0,JPY,95504.00,943.01,"2025-02-12 13:31:02"
0,JPY,5631.00,943.01,"2025-02-12 13:31:02"
0,USD,32.00,1456.85,"2025-02-12 14:26:00"
1,USD,837.00,1456.80,"2025-02-12 14:47:01"
1,USD,163.00,1457.20,"2025-02-12 14:51:00"
0,JPY,167675.00,943.55,"2025-02-12 15:06:01"
0,JPY,32325.00,943.92,"2025-02-12 15:11:01"
0,USD,406.00,1455.95,"2025-02-12 16:52:01"
1,USD,3000.00,1453.25,"2025-02-13 01:20:15"
0,JPY,176619.00,941.38,"2025-02-13 01:32:08"
0,JPY,3381.00,941.36,"2025-02-13 02:51:00"
0,USD,700.00,1451.45,"2025-02-13 03:21:00"
0,USD,248.00,1449.44,"2025-02-13 04:07:25"
0,USD,2043.00,1448.50,"2025-02-13 04:30:38"
0,JPY,110000.00,937.44,"2025-02-13 04:41:01"
0,USD,1000.00,1448.25,"2025-02-13 05:51:00"
0,USD,700.00,1448.25,"2025-02-13 05:51:00"
0,USD,2072.00,1447.55,"2025-02-13 06:36:00"
0,JPY,110000.00,940.42,"2025-02-13 07:29:52"
1,USD,700.00,1449.70,"2025-02-13 07:56:01"
1,USD,2043.00,1449.70,"2025-02-13 07:56:46"
0,JPY,34000.00,940.49,"2025-02-13 08:21:21"
1,JPY,110000.00,940.60,"2025-02-13 08:26:01"
1,JPY,32721.00,940.88,"2025-02-13 09:13:43"
1,JPY,28075.00,940.56,"2025-02-13 09:14:15"
1,JPY,704.00,940.35,"2025-02-13 09:14:49"
0,JPY,10000.00,941.24,"2025-02-13 10:13:59"
0,USD,1956.00,1449.30,"2025-02-13 10:53:08"
1,JPY,181167.00,941.85,"2025-02-13 11:11:09"
1,JPY,167675.00,941.73,"2025-02-13 11:11:16"
1,JPY,17951.00,941.98,"2025-02-13 11:31:01"
0,USD,399.00,1449.30,"2025-02-13 11:31:42"
1,USD,399.00,1449.65,"2025-02-13 11:52:22"
1,JPY,97553.00,942.37,"2025-02-13 12:15:24"
1,JPY,53323.00,942.37,"2025-02-13 12:15:51"
0,USD,399.00,1450.75,"2025-02-13 12:16:05"
1,JPY,54406.00,942.16,"2025-02-13 12:18:20"
1,USD,399.00,1450.80,"2025-02-13 12:38:12"
1,JPY,10000.00,942.60,"2025-02-13 13:22:29"
0,USD,398.00,1452.20,"2025-02-13 13:31:25"
1,USD,303.00,1451.30,"2025-02-13 14:16:17"
1,USD,95.00,1451.30,"2025-02-13 14:16:17"
1,USD,1956.00,1451.70,"2025-02-13 14:49:45"
1,JPY,70998.00,946.05,"2025-02-13 15:01:59"
1,JPY,58865.00,946.05,"2025-02-13 15:02:18"
0,JPY,185260.00,941.95,"2025-02-13 15:17:28"
0,USD,399.00,1448.45,"2025-02-13 15:47:54"
1,JPY,169375.00,946.42,"2025-02-13 16:41:01"
1,JPY,30625.00,946.21,"2025-02-13 16:51:01"
1,JPY,177732.00,945.81,"2025-02-13 23:50:15"
1,JPY,7528.00,945.30,"2025-02-13 23:50:41"
1,JPY,17859.00,945.30,"2025-02-13 23:55:23"
0,JPY,61300.00,943.28,"2025-02-14 00:04:50"
0,USD,2051.00,1443.00,"2025-02-14 00:07:25"
1,USD,3000.00,1442.70,"2025-02-14 00:51:04"
1,JPY,61300.00,943.67,"2025-02-14 00:51:15"
0,JPY,24902.00,945.49,"2025-02-14 00:56:36"
0,JPY,30160.00,945.49,"2025-02-14 00:56:36"
0,JPY,6100.00,945.89,"2025-02-14 00:57:46"
0,USD,700.00,1443.65,"2025-02-14 01:26:04"
0,JPY,110000.00,945.85,"2025-02-14 01:31:01"
1,JPY,61162.00,945.82,"2025-02-14 05:44:46"
0,USD,1040.00,1442.45,"2025-02-14 07:06:01"
0,USD,391.00,1442.45,"2025-02-14 07:06:01"
0,USD,69.00,1442.19,"2025-02-14 07:07:02"
0,USD,700.00,1440.55,"2025-02-14 08:01:05"
0,JPY,184865.00,943.06,"2025-02-14 08:01:05"
0,JPY,110000.00,943.69,"2025-02-14 08:06:04"
0,JPY,115135.00,942.97,"2025-02-14 08:11:00"
0,JPY,100000.00,943.33,"2025-02-14 08:54:17"
0,JPY,78119.00,943.33,"2025-02-14 08:55:15"
0,JPY,30000.00,943.12,"2025-02-14 08:56:52"
0,JPY,24749.00,943.47,"2025-02-14 09:14:25"
0,JPY,190000.00,943.48,"2025-02-14 09:14:45"
0,JPY,60000.00,944.63,"2025-02-14 10:21:13"
0,JPY,13256.00,944.37,"2025-02-14 10:31:48"
0,JPY,10000.00,944.56,"2025-02-14 10:36:46"
0,JPY,100000.00,944.53,"2025-02-14 11:37:33"
0,JPY,120000.00,944.22,"2025-02-14 12:25:02"
0,USD,100.00,1440.80,"2025-02-14 13:23:30"
1,JPY,110000.00,946.21,"2025-02-14 13:51:04"
1,JPY,65000.00,945.13,"2025-02-14 14:05:38"
0,USD,100.00,1439.35,"2025-02-14 14:38:42"
1,JPY,100000.00,944.50,"2025-02-14 15:26:04"
1,JPY,100000.00,945.34,"2025-02-14 15:52:06"
1,JPY,95068.00,945.34,"2025-02-14 15:55:05"
1,JPY,100000.00,946.78,"2025-02-14 16:31:25"
1,JPY,124932.00,946.87,"2025-02-14 16:34:34"
1,JPY,63510.00,946.87,"2025-02-14 16:35:55"
0,USD,100.00,1441.25,"2025-02-15 00:10:33"
1,JPY,10000.00,946.50,"2025-02-15 00:12:39"
1,JPY,175887.00,946.50,"2025-02-15 01:45:18"
1,JPY,12555.00,946.50,"2025-02-15 01:45:18"
1,JPY,179172.00,946.48,"2025-02-15 02:23:07"
0,USD,37.00,1441.35,"2025-02-15 03:46:20"
0,JPY,153995.00,946.57,"2025-02-15 10:14:05"
0,JPY,198761.00,946.63,"2025-02-15 10:16:32"
0,JPY,180527.00,946.63,"2025-02-15 10:21:52"
0,JPY,69680.00,946.60,"2025-02-15 10:28:37"
0,JPY,6005.00,946.57,"2025-02-15 11:01:01"
0,JPY,150000.00,946.60,"2025-02-15 16:32:20"
0,JPY,165053.00,946.63,"2025-02-15 16:34:29"
0,JPY,8623.00,946.60,"2025-02-15 16:34:29"
0,JPY,126324.00,946.63,"2025-02-15 16:34:29"
0,JPY,50000.00,946.63,"2025-02-15 16:36:16"
0,JPY,100000.00,946.60,"2025-02-15 16:41:32"
0,JPY,8800.00,946.57,"2025-02-15 16:49:47"
0,USD,347.00,1441.25,"2025-02-16 00:44:33"
0,JPY,40000.00,946.57,"2025-02-16 15:38:45"
1,USD,100.00,1442.25,"2025-02-17 00:20:30"
0,JPY,160000.00,948.72,"2025-02-17 00:21:38"
0,JPY,7500.00,948.72,"2025-02-17 00:23:08"
0,JPY,190000.00,949.12,"2025-02-17 00:27:38"
0,JPY,4000.00,949.12,"2025-02-17 00:28:23"
0,JPY,170000.00,948.96,"2025-02-17 00:31:40"
0,JPY,5280.00,948.96,"2025-02-17 00:32:39"
1,JPY,110000.00,949.95,"2025-02-17 01:06:01"
0,JPY,110000.00,949.66,"2025-02-17 01:18:52"
1,USD,1000.00,1439.45,"2025-02-17 01:56:59"
1,USD,1051.00,1439.30,"2025-02-17 01:57:34"
1,JPY,10000.00,947.90,"2025-02-17 02:02:50"
0,JPY,10000.00,951.08,"2025-02-17 03:48:30"
0,CAD,2907.00,1001.80,"2025-02-17 06:03:55"
1,USD,100.00,1442.05,"2025-02-17 06:11:40"
0,CAD,458.00,1016.92,"2025-02-17 06:21:01"
0,CAD,272.00,1016.84,"2025-02-17 06:26:04"
1,USD,1000.00,1442.15,"2025-02-17 07:01:04"
1,USD,100.00,1441.50,"2025-02-17 07:28:37"
1,USD,1389.00,1443.20,"2025-02-17 07:51:04"
1,JPY,110000.00,950.97,"2025-02-17 08:46:04"
0,CAD,332.00,1017.41,"2025-02-17 09:26:01"
0,CAD,307.00,1017.26,"2025-02-17 09:36:04"
0,CAD,312.00,1017.02,"2025-02-17 09:41:05"
1,USD,700.00,1444.00,"2025-02-17 09:46:04"
0,JPY,10000.00,951.42,"2025-02-17 10:27:15"
0,KRW,654.00,1019.95,"2025-02-17 11:10:23"
0,CAD,442.00,1017.46,"2025-02-17 11:11:04"
1,JPY,50000.00,953.67,"2025-02-17 12:41:04"
0,JPY,110000.00,953.42,"2025-02-17 12:46:04"
0,CAD,24.00,1016.50,"2025-02-18 00:06:01"
0,JPY,100000.00,951.10,"2025-02-18 00:11:04"
1,JPY,60000.00,952.79,"2025-02-18 01:16:00"
1,JPY,10000.00,951.69,"2025-02-18 02:20:36"
1,JPY,10000.00,951.72,"2025-02-18 02:21:47"
0,JPY,10000.00,950.57,"2025-02-18 03:20:31"
0,JPY,100000.00,949.94,"2025-02-18 03:36:04"
0,JPY,89057.00,949.94,"2025-02-18 03:36:04"
0,JPY,90000.00,949.11,"2025-02-18 03:56:04"
0,JPY,20943.00,949.11,"2025-02-18 03:56:04"
0,JPY,10000.00,949.07,"2025-02-18 04:19:35"
0,USD,2054.00,1440.95,"2025-02-18 08:53:25"
1,USD,2054.00,1441.45,"2025-02-18 09:52:55"
0,USD,1945.00,1440.30,"2025-02-18 10:44:56"
1,USD,1945.00,1440.80,"2025-02-18 11:11:51"
0,USD,421.00,1440.89,"2025-02-18 16:22:05"
0,USD,279.00,1440.40,"2025-02-18 16:26:00"
0,JPY,100000.00,947.56,"2025-02-18 23:37:53"
0,JPY,17591.00,948.61,"2025-02-18 23:39:18"
0,JPY,11068.00,949.12,"2025-02-18 23:39:29"
0,JPY,80000.00,948.55,"2025-02-18 23:45:09"
0,JPY,77710.00,948.55,"2025-02-18 23:45:32"
0,JPY,10000.00,948.69,"2025-02-18 23:49:38"
0,JPY,9667.00,948.69,"2025-02-18 23:50:44"
0,JPY,333.00,948.05,"2025-02-18 23:51:04"
0,JPY,24684.00,949.07,"2025-02-18 23:51:05"
0,JPY,100000.00,948.14,"2025-02-18 23:57:41"
0,JPY,97130.00,948.14,"2025-02-18 23:57:51"
0,JPY,38286.00,949.10,"2025-02-19 00:00:28"
0,JPY,70000.00,950.04,"2025-02-19 00:13:14"
0,JPY,30000.00,950.04,"2025-02-19 00:14:03"
0,JPY,1714.00,948.87,"2025-02-19 00:26:04"
0,JPY,100000.00,948.13,"2025-02-19 02:43:11"
0,JPY,61902.00,948.13,"2025-02-19 02:45:15"
0,JPY,38098.00,947.40,"2025-02-19 02:46:01"
0,JPY,88000.00,947.42,"2025-02-19 02:58:05"
0,USD,694.00,1440.50,"2025-02-19 03:26:00"
0,USD,694.00,1439.79,"2025-02-19 03:42:05"
0,USD,1389.00,1439.30,"2025-02-19 03:57:43"
0,JPY,85000.00,947.54,"2025-02-19 04:06:45"
0,JPY,81568.00,947.54,"2025-02-19 04:08:16"
0,JPY,18432.00,947.53,"2025-02-19 04:11:05"
0,JPY,80000.00,947.53,"2025-02-19 04:13:17"
0,JPY,3000.00,947.53,"2025-02-19 04:13:33"
0,USD,2056.00,1439.25,"2025-02-19 05:13:05"
0,USD,972.00,1439.65,"2025-02-19 05:40:35"
1,USD,2056.00,1439.40,"2025-02-19 06:24:28"
0,USD,1943.00,1438.85,"2025-02-19 06:31:33"
1,USD,1943.00,1439.35,"2025-02-19 07:03:07"
1,USD,32.00,1438.55,"2025-02-19 07:56:04"
1,JPY,10000.00,949.03,"2025-02-19 11:46:55"
1,JPY,100000.00,949.93,"2025-02-19 12:30:15"
1,JPY,100000.00,950.01,"2025-02-19 13:36:04"
1,JPY,57038.00,950.01,"2025-02-19 13:39:12"
1,JPY,100000.00,951.20,"2025-02-19 14:11:04"
1,USD,1389.00,1440.85,"2025-02-20 00:16:48"
1,JPY,158608.00,954.04,"2025-02-20 00:31:05"
1,JPY,151549.00,954.04,"2025-02-20 00:36:04"
1,JPY,16147.00,954.04,"2025-02-20 00:36:04"
1,JPY,83853.00,953.82,"2025-02-20 00:41:04"
1,JPY,36000.00,953.42,"2025-02-20 00:51:23"
1,JPY,100000.00,953.98,"2025-02-20 00:56:05"
1,JPY,133621.00,954.89,"2025-02-20 01:15:20"
1,JPY,22798.00,954.89,"2025-02-20 01:16:36"
1,JPY,168378.00,954.53,"2025-02-20 01:18:21"
1,JPY,2572.00,955.28,"2025-02-20 01:24:58"
1,JPY,10000.00,956.52,"2025-02-20 02:11:09"
0,USD,2055.00,1440.15,"2025-02-20 02:16:23"
1,JPY,10000.00,956.65,"2025-02-20 02:36:04"
1,USD,2055.00,1440.55,"2025-02-20 02:38:22"
0,USD,1944.00,1437.60,"2025-02-20 03:42:28"
1,JPY,20000.00,955.55,"2025-02-20 04:19:35"
1,JPY,20000.00,955.82,"2025-02-20 04:51:17"
1,USD,1944.00,1438.65,"2025-02-20 05:31:28"
0,JPY,10000.00,956.76,"2025-02-20 05:53:42"
1,JPY,110000.00,958.17,"2025-02-20 06:06:01"
0,JPY,30000.00,958.68,"2025-02-20 07:11:50"
0,USD,1000.00,1438.95,"2025-02-20 07:19:42"
1,JPY,10000.00,958.24,"2025-02-20 07:26:30"
0,JPY,10000.00,958.90,"2025-02-20 07:29:28"
1,USD,1000.00,1439.50,"2025-02-20 07:49:53"
0,JPY,110000.00,958.34,"2025-02-20 08:01:00"
0,JPY,100000.00,957.34,"2025-02-20 08:11:01"
0,USD,1000.00,1438.50,"2025-02-20 08:22:57"
0,USD,1000.00,1438.50,"2025-02-20 08:23:17"
1,USD,1000.00,1439.30,"2025-02-20 08:46:00"
1,USD,1000.00,1439.40,"2025-02-20 08:53:30"
0,JPY,27600.00,957.65,"2025-02-20 09:11:57"
1,JPY,27600.00,957.65,"2025-02-20 09:42:43"
0,USD,184.00,1437.95,"2025-02-20 10:43:43"
0,USD,700.00,1437.85,"2025-02-20 10:46:01"
0,USD,1000.00,1438.85,"2025-02-20 11:22:59"
0,JPY,2000.00,958.81,"2025-02-20 12:16:00"
1,USD,1000.00,1437.40,"2025-02-20 14:23:22"
0,JPY,57200.00,958.35,"2025-02-20 15:03:03"
0,USD,1000.00,1435.85,"2025-02-20 16:04:15"
1,JPY,25622.00,959.46,"2025-02-21 00:00:00"
1,JPY,67997.00,959.43,"2025-02-21 00:00:26"
0,USD,69.00,1434.25,"2025-02-21 00:20:38"
0,JPY,42000.00,957.46,"2025-02-21 00:26:00"
0,JPY,172627.00,957.64,"2025-02-21 01:16:55"
1,USD,69.00,1435.05,"2025-02-21 01:26:00"
0,JPY,27373.00,957.22,"2025-02-21 01:26:02"
0,JPY,39299.00,955.67,"2025-02-21 01:55:27"
0,JPY,701.00,955.17,"2025-02-21 02:01:04"
0,JPY,195788.00,953.89,"2025-02-21 02:31:01"
0,JPY,104212.00,953.68,"2025-02-21 02:36:00"
0,USD,700.00,1434.55,"2025-02-21 02:51:00"
0,JPY,10000.00,953.94,"2025-02-21 02:53:48"
0,JPY,152952.00,953.08,"2025-02-21 02:56:01"
0,JPY,199901.00,953.40,"2025-02-21 03:06:01"
0,JPY,152629.00,953.46,"2025-02-21 03:11:00"
0,JPY,45511.00,953.61,"2025-02-21 03:17:03"
0,JPY,24518.00,952.48,"2025-02-21 03:21:02"
0,JPY,64489.00,952.48,"2025-02-21 03:21:02"
0,USD,1000.00,1433.05,"2025-02-21 04:43:08"
1,USD,1000.00,1433.35,"2025-02-21 04:55:42"
0,USD,1000.00,1433.65,"2025-02-21 05:07:42"
1,USD,1000.00,1433.80,"2025-02-21 05:16:54"
1,USD,184.00,1433.35,"2025-02-21 05:22:00"
0,USD,1000.00,1433.75,"2025-02-21 05:23:00"
0,JPY,2000.00,953.43,"2025-02-21 05:26:00"
0,JPY,60000.00,953.47,"2025-02-21 05:43:36"
1,USD,1000.00,1433.75,"2025-02-21 05:58:46"
0,JPY,70000.00,953.52,"2025-02-21 06:01:41"
1,JPY,70000.00,952.62,"2025-02-21 06:16:26"
0,JPY,59000.00,952.39,"2025-02-21 06:21:55"
0,JPY,100000.00,952.77,"2025-02-21 06:25:47"
0,JPY,64000.00,952.66,"2025-02-21 06:26:42"
1,JPY,60000.00,952.90,"2025-02-21 07:09:57"
0,JPY,57000.00,952.61,"2025-02-21 07:36:00"
0,USD,1000.00,1434.10,"2025-02-21 08:15:17"
0,USD,534.00,1434.10,"2025-02-21 08:15:27"
1,USD,1000.00,1434.70,"2025-02-21 08:25:34"
1,USD,534.00,1434.70,"2025-02-21 08:25:52"
0,USD,1000.00,1434.60,"2025-02-21 08:54:39"
0,USD,1000.00,1434.60,"2025-02-21 08:55:34"
1,USD,1000.00,1434.80,"2025-02-21 09:03:50"
1,USD,1000.00,1434.80,"2025-02-21 09:03:51"
0,JPY,48000.00,953.51,"2025-02-21 10:00:52"
0,JPY,52000.00,953.51,"2025-02-21 10:01:20"
0,JPY,50000.00,953.51,"2025-02-21 10:02:18"
0,JPY,150000.00,953.19,"2025-02-21 10:20:26"
0,JPY,27968.00,953.19,"2025-02-21 10:20:46"
0,JPY,12032.00,953.18,"2025-02-21 10:21:01"
0,USD,33.00,1432.20,"2025-02-21 10:51:01"
0,USD,1000.00,1432.20,"2025-02-21 10:58:23"
0,USD,1000.00,1432.90,"2025-02-21 11:31:35"
1,USD,1000.00,1433.05,"2025-02-21 11:51:53"
1,USD,1000.00,1433.05,"2025-02-21 11:53:43"
0,USD,1000.00,1433.70,"2025-02-21 12:12:37"
0,USD,1000.00,1433.85,"2025-02-21 12:42:43"
1,USD,33.00,1433.85,"2025-02-21 12:46:00"
1,USD,1000.00,1435.05,"2025-02-21 13:41:00"
1,USD,1000.00,1435.05,"2025-02-21 13:41:00"
0,USD,33.00,1433.40,"2025-02-21 14:06:01"
1,JPY,100000.00,955.76,"2025-02-21 14:46:01"
1,JPY,40000.00,955.76,"2025-02-21 14:47:39"
1,JPY,103670.00,955.92,"2025-02-21 14:51:01"
1,JPY,68816.00,955.92,"2025-02-21 14:51:13"
1,JPY,51356.00,955.76,"2025-02-21 14:53:11"
1,JPY,60000.00,956.74,"2025-02-21 15:08:09"
1,JPY,110000.00,959.00,"2025-02-21 15:31:00"
1,JPY,23672.00,957.96,"2025-02-21 15:43:31"
1,JPY,45285.00,957.92,"2025-02-21 15:43:46"
1,JPY,29352.00,957.68,"2025-02-21 15:44:01"
1,JPY,29248.00,957.65,"2025-02-21 15:44:11"
1,JPY,192049.00,959.18,"2025-02-21 15:52:22"
1,JPY,17724.00,958.68,"2025-02-21 15:54:27"
1,JPY,20728.00,958.68,"2025-02-21 15:54:56"
1,JPY,190847.00,959.26,"2025-02-21 15:56:37"
1,JPY,26389.00,958.20,"2025-02-21 15:58:15"
1,JPY,170005.00,959.80,"2025-02-21 16:11:00"
1,JPY,44307.00,958.77,"2025-02-21 16:14:20"
1,JPY,158557.00,959.06,"2025-02-21 16:16:31"
1,JPY,182530.00,959.60,"2025-02-21 16:36:01"
0,JPY,93809.00,962.13,"2025-02-21 19:34:10"
0,JPY,91518.00,962.13,"2025-02-21 19:34:10"
0,JPY,99912.00,962.13,"2025-02-21 19:41:46"
0,JPY,92433.00,961.74,"2025-02-21 20:20:06"
0,JPY,98198.00,961.74,"2025-02-21 22:41:51"
0,JPY,41450.00,959.23,"2025-02-21 23:46:00"
0,JPY,160000.00,959.17,"2025-02-22 02:19:05"
0,JPY,150000.00,959.17,"2025-02-22 02:45:25"
0,JPY,152052.00,959.20,"2025-02-22 02:49:21"
0,JPY,132948.00,959.20,"2025-02-22 02:49:21"
0,USD,3745.00,1434.25,"2025-02-22 02:49:32"
0,JPY,48000.00,959.20,"2025-02-22 02:50:25"
0,JPY,185000.00,959.23,"2025-02-22 02:50:44"
0,USD,221.00,1434.15,"2025-02-22 02:58:04"
1,JPY,10000.00,959.08,"2025-02-22 06:26:55"
0,JPY,153616.00,959.23,"2025-02-22 07:32:03"
0,JPY,106384.00,959.23,"2025-02-22 07:32:03"
0,USD,100.00,1434.25,"2025-02-22 10:38:43"
0,USD,13.00,1434.15,"2025-02-22 14:22:21"
0,JPY,183119.00,959.17,"2025-02-22 15:17:59"
0,JPY,152166.00,959.17,"2025-02-22 15:17:59"
0,JPY,176961.00,959.17,"2025-02-22 15:21:00"
0,JPY,69754.00,959.17,"2025-02-22 15:26:00"
0,JPY,10700.00,959.17,"2025-02-22 15:26:00"
0,USD,3612.00,1434.35,"2025-02-22 15:43:45"
0,USD,375.00,1434.35,"2025-02-22 15:43:45"
0,JPY,157909.00,959.17,"2025-02-23 06:38:00"
0,JPY,70000.00,959.17,"2025-02-23 11:58:48"
0,USD,3000.00,1434.15,"2025-02-23 12:23:16"
0,JPY,44502.00,960.26,"2025-02-23 14:08:54"
0,JPY,48227.00,960.26,"2025-02-23 14:08:54"
0,JPY,15000.00,960.30,"2025-02-23 14:13:10"
0,JPY,26044.00,960.30,"2025-02-23 14:14:05"
0,USD,1000.00,1434.15,"2025-02-24 00:00:55"
1,USD,1000.00,1436.70,"2025-02-24 00:02:39"
1,JPY,29322.00,960.75,"2025-02-24 00:08:32"
1,JPY,28002.00,960.49,"2025-02-24 00:08:39"
1,JPY,29632.00,960.42,"2025-02-24 00:08:48"
1,JPY,12902.00,960.35,"2025-02-24 00:08:57"
1,USD,3918.00,1434.95,"2025-02-24 00:22:03"
1,USD,81.00,1433.90,"2025-02-24 00:29:56"
1,JPY,162181.00,962.48,"2025-02-24 01:00:38"
1,JPY,99643.00,962.49,"2025-02-24 01:01:37"
1,JPY,47502.00,961.37,"2025-02-24 01:03:36"
1,JPY,38146.00,960.87,"2025-02-24 01:05:00"
1,JPY,23364.00,960.59,"2025-02-24 01:06:07"
1,JPY,193841.00,961.25,"2025-02-24 01:06:23"
1,JPY,110000.00,961.36,"2025-02-24 01:11:01"
1,JPY,83467.00,961.36,"2025-02-24 01:12:29"
0,USD,10.00,1432.24,"2025-02-24 01:22:04"
0,JPY,100000.00,956.97,"2025-02-24 02:06:01"
0,JPY,120000.00,956.92,"2025-02-24 02:11:17"
0,JPY,50000.00,956.92,"2025-02-24 02:14:18"
0,JPY,150000.00,956.22,"2025-02-24 02:17:38"
0,JPY,120000.00,956.34,"2025-02-24 02:21:21"
0,JPY,43060.00,957.18,"2025-02-24 02:25:50"
0,JPY,60000.00,956.99,"2025-02-24 02:27:06"
0,JPY,54000.00,956.99,"2025-02-24 02:29:28"
0,JPY,100000.00,956.99,"2025-02-24 02:32:16"
0,JPY,74631.00,956.99,"2025-02-24 02:32:38"
0,JPY,30000.00,957.87,"2025-02-24 02:35:06"
0,USD,10.00,1427.95,"2025-02-24 02:41:03"
0,JPY,190000.00,956.29,"2025-02-24 02:51:27"
0,JPY,177000.00,956.32,"2025-02-24 03:01:44"
0,JPY,100000.00,956.65,"2025-02-24 03:02:34"
0,JPY,22000.00,956.65,"2025-02-24 03:03:16"
0,JPY,330.00,956.65,"2025-02-24 03:04:15"
0,JPY,110000.00,956.45,"2025-02-24 04:00:13"
0,JPY,100000.00,956.00,"2025-02-24 04:06:31"
0,USD,1000.00,1426.85,"2025-02-24 04:33:04"
1,USD,1000.00,1427.15,"2025-02-24 04:53:02"
0,USD,1000.00,1426.65,"2025-02-24 05:05:39"
1,USD,1000.00,1427.05,"2025-02-24 05:12:07"
0,JPY,100000.00,955.16,"2025-02-24 06:31:15"
0,USD,10.00,1426.90,"2025-02-24 06:56:00"
0,JPY,87000.00,955.37,"2025-02-24 07:18:27"
0,USD,1000.00,1427.50,"2025-02-24 08:02:21"
0,JPY,40000.00,956.15,"2025-02-24 08:16:18"
1,JPY,40000.00,956.65,"2025-02-24 08:26:01"
1,USD,1000.00,1428.55,"2025-02-24 08:30:52"
1,JPY,26990.00,955.81,"2025-02-24 08:34:56"
0,USD,100.00,1426.45,"2025-02-24 09:14:47"
0,USD,1000.00,1426.15,"2025-02-24 09:27:21"
0,USD,1000.00,1426.15,"2025-02-24 09:29:55"
1,USD,1000.00,1427.80,"2025-02-24 10:11:01"
1,USD,1000.00,1427.80,"2025-02-24 10:11:01"
1,USD,100.00,1427.90,"2025-02-24 10:39:07"
0,JPY,10000.00,954.28,"2025-02-24 11:13:21"
0,USD,1000.00,1428.25,"2025-02-24 13:22:57"
0,USD,1000.00,1427.90,"2025-02-24 13:31:15"
1,USD,1000.00,1427.90,"2025-02-24 14:26:08"
1,USD,1000.00,1427.90,"2025-02-24 14:26:09"
1,JPY,100000.00,955.72,"2025-02-24 14:52:05"
1,JPY,4172.00,955.97,"2025-02-24 15:03:43"
1,JPY,100000.00,957.47,"2025-02-24 15:46:01"
1,JPY,93045.00,957.47,"2025-02-24 15:46:01"
1,JPY,26955.00,957.66,"2025-02-24 15:56:01"
1,JPY,165115.00,957.66,"2025-02-24 15:56:01"
1,USD,972.00,1428.85,"2025-02-24 16:15:00"
0,JPY,530.00,952.83,"2025-02-25 00:11:01"
0,JPY,5007.00,952.83,"2025-02-25 00:16:16"
0,JPY,169959.00,952.83,"2025-02-25 00:16:37"
0,JPY,180041.00,952.84,"2025-02-25 00:16:37"
0,JPY,10294.00,952.84,"2025-02-25 00:16:53"
0,JPY,100000.00,953.40,"2025-02-25 00:21:36"
0,JPY,30000.00,953.36,"2025-02-25 00:26:01"
0,JPY,5000.00,953.36,"2025-02-25 00:27:10"
0,JPY,10600.00,953.36,"2025-02-25 00:28:03"
0,JPY,100000.00,953.36,"2025-02-25 00:29:12"
0,USD,300.00,1431.35,"2025-02-25 01:06:01"
0,JPY,179187.00,952.79,"2025-02-25 01:06:01"
0,JPY,164689.00,952.80,"2025-02-25 01:11:01"
0,JPY,170541.00,952.83,"2025-02-25 01:16:00"
0,JPY,193695.00,952.44,"2025-02-25 01:29:40"
0,JPY,6305.00,951.40,"2025-02-25 01:31:01"
0,USD,1000.00,1429.50,"2025-02-25 01:49:51"
1,USD,1000.00,1430.15,"2025-02-25 01:57:40"
0,USD,1000.00,1430.10,"2025-02-25 02:24:41"
1,USD,3635.00,1430.35,"2025-02-25 02:26:00"
1,JPY,150210.00,953.69,"2025-02-25 02:26:02"
1,USD,365.00,1430.55,"2025-02-25 02:31:00"
1,JPY,17790.00,953.87,"2025-02-25 02:31:01"
1,USD,1000.00,1430.55,"2025-02-25 02:31:32"
1,JPY,180072.00,954.40,"2025-02-25 02:46:01"
1,JPY,28613.00,954.45,"2025-02-25 02:51:00"
1,JPY,100000.00,954.45,"2025-02-25 02:51:00"
1,JPY,40032.00,954.45,"2025-02-25 02:51:28"
1,JPY,60701.00,954.70,"2025-02-25 02:56:03"
0,USD,50.00,1430.70,"2025-02-25 03:41:01"
0,USD,1000.00,1430.70,"2025-02-25 03:53:36"
1,JPY,50000.00,956.05,"2025-02-25 03:55:16"
0,JPY,180860.00,956.19,"2025-02-25 03:56:38"
1,USD,1000.00,1430.80,"2025-02-25 04:19:06"
1,JPY,5520.00,957.12,"2025-02-25 04:42:26"
